protein_id,sequence
A0A075B6I0,MSVPTMAWMMLLLGLLAYGSGVDSQTVVTQEPSFSVSPGGTVTLTCGLSSGSVSTSYYPSWYQQTPGQAPRTLIYSTNTRSSGVPDRFSGSILGNKAALTITGAQADDESDYYCVLYMGSGI
A0A075B6I4,MPWALLLLTLLTHSAVSVVQAGLTQPPSVSKGLRQTATLTCTGNSNIVGNQGAAWLQQHQGHPPKLLSYRNNNRPSGISERFSASRSGNTASLTITGLQPEDEADYYCSALDSSLSA
A0A075B6I9,MAWTPLFLFLLTCCPGSNSQAVVTQEPSLTVSPGGTVTLTCGSSTGAVTSGHYPYWFQQKPGQAPRTLIYDTSNKHSWTPARFSGSLLGGKAALTLLGAQPEDEAEYYCLLSYSGAR
A0A075B6K2,MAWTPLLLSLLAHCTGSATSYELTQPHSVSVATAQMARITCGGNNIGSKAVHWYQQKPGQDPVLVIYSDSNRPSGIPERFSGSNPGNTATLTISRIEAGDEADYYCQVWDSSSDH
A0A075B6K5,MAWTALLLSLLAHFTGSVASYELTQPLSVSVALGQTARITCGGNNIGSKNVHWYQQKPGQAPVLVIYRDSNRPSGIPERFSGSNSGNTATLTISRAQAGDEADYYCQVWDSSTAH
A0A075B6T7,MAFWLRSLGLHFRPHLGRRMESFLGGVLLILWLQVDWVKSQKIEQNSEALNIQEGKTATLTCNYTNYSPAYLQWYRQDPGRGPVFLLLIRENEKEKRKERLKVTFDTTLKQSLFHITASQPADSATYLCALD
A0A075B6V5,MMKCPQALLAIFWLLLSWVSSEDKVVQSPLSLVVHEGDTVTLNCSYEVTNFRSLLWYKQEKKAPTFLFMLTSSGIEKKSGRLSSILDKKELFSILNITATQTGDSAIYLCAVE
A0A087WV53,MSKAAPAKKPVAVAPAPGCTLDINDPQVQSAAIRIQASYRGHRSRKELREKGPPRVLEPLKDVVLIEGSAAKLTCRISAFPDPFIRWSKDGKELRDGPKYRYVFEDPDVVALVVRDGELADLGQYSINVTNPFGQCSDSARILVEVPTKIQKGPDNTKARKGTTVTLTAEILGEPAPDVGWTKDGEDIEEDDRVFFEIGS
A0A0B4J276,MLLITSMLVLWMQLSQVNGQQVMQIPQYQHVQEGEDFTTYCNSSTTLSNIQWYKQRPGGHPVFLIQLVKSGEVKKQKRLTFQFGEAKKNSSLHITATQTTDVGTYFCAG
A6H8Y1,MFRRARLSVKPNVRPGVGARGSTASNPQRGRESPRPPDPATDSASKPAEPTDVPTVDFGGAEPQEKAPRSSTEKTGGDNDVEESSRSSSTVSQRRKRISSTSSLVKSSVSVPSESHPLSTINQEAPQPTATSTKEKQPCSDRYRIYKAQKLREMLKEELRKEKKQWKNKYAINESQRPPDRSKMTMRDFIYYLPDNNPMT
A8MYX2,MSQSVLAGGGIPEPHLGCPGTYRSIVRINGSALSPHPGLRGHEPALSPLPGLGGHWACSEPSPWTQEGSGPALSPHPGLWGQWACSEPSSWTRGQRACSEPSPWTCLLCSVHAMEEVVKEVVGHAKETGEKAIAEAIKKAQESGDKKMKEVTETVTNTVTNAITHAAESLGKLGQ
B3EWG3,MLGGLGKLAAEGLAHRTEKATEGAIHAVEEVVKEVVGHAKETGEKAIAEAIKKAQESGDKKMKEITETVTNTVTNAITHAAESLDKLGQ
B3EWG5,MLGGLGKLAAEGLAHRTEKATEGAIHAVEEVVKEVVGHAKETGEKAIAEAIKKAQESGDKKMKEITETVTNTVTNAITHAAESLDKLGQ
B3EWG6,MLGGLGKLAAEGLAHRTEKATEGAIHAVEEVVKEVVGHAKETGEKAIAEAIKKAQESGDKKMKEITETVTNTVTNAITHAAESLDKLGQ
O15156,MGSPEDDLIGIPFPDHSSELLSCLNEQRQLGHLCDLTIRTQGLEYRTHRAVLAACSHYFKKLFTEGGGGAVMGAGGSGTATGGAGAGVCELDFVGPEALGALLEFAYTATLTTSSANMPAVLQAARLLEIPCVIAACMEILQGSGLEAPSPDEDDCERARQYLEAFATATASGVPNGEDSPPQVPLPPPPPPPPRPVARR
O15492,MCRTLAAFPTTCLERAKEFKTRLGIFLHKSELGCDTGSTGKFEWGSKHSKENRNFSEDVLGWRESFDLLLSSKNGVAAFHAFLKTEFSEENLEFWLACEEFKKIRSATKLASRAHQIFEEFICSEAPKEVNIDHETHELTRMNLQTATATCFDAAQGKTRTLMEKDSYPRFLKSPAYRDLAAQASAASATLSSCSLDEPS
O43766,MSLRCGDAARTLGPRVFGRYFCSPVRPLSSLPDKKKELLQNGPDLQDFVSGDLADRSTWDEYKGNLKRQKGERLRLPPWLKTEIPMGKNYNKLKNTLRNLNLHTVCEEARCPNIGECWGGGEYATATATIMLMGDTCTRGCRFCSVKTARNPPPLDASEPYNTAKAIAEWGLDYVVLTSVDRDDMPDGGAEHIAKTVSYL
O43827,MLKKPLSAVTWLCIFIVAFVSHPAWLQKLSKHKTPAQPQLKAANCCEEVKELKAQVANLSSLLSELNKKQERDWVSVVMQVMELESNSKRMESRLTDAESKYSEMNNQIDIMQLQAAQTVTQTSADAIYDCSSLYQKNYRISGVYKLPPDDFLGSPELEVFCDMETSGGGWTIIQRRKSGLVSFYRDWKQYKQGFGSIRG
O60292,MTTYRAIPSDGVDLAASCGARVGDVLPGPHTGDYAPLGFWAQNGSMSQPLGESPATATATATATTRPSPTTPAMPKMGVRARVADWPPKREALREHSNPSPSQDTDGTKATKMAHSMRSIQNGQPPTSTPASSGSKAFHRLSRRRSKDVEFQDGWPRSPGRAFLPLRHRSSSEITLSECDAEDAGEPRGARHTGALPLFR
O60683,MAPAAASPPEVIRAAQKDEYYRGGLRSAAGGALHSLAGARKWLEWRKEVELLSDVAYFGLTTLAGYQTLGEEYVSIIQVDPSRIHVPSSLRRGVLVTLHAVLPYLLDKALLPLEQELQADPDSGRPLQGSLGPGGRGCSGARRWMRHHTATLTEQQRRALLRAVFVLRQGLACLQRLHVAWFYIHGVFYHLAKRLTGITY
O60927,MAEAGAGLSETVTETTVTVTTEPENRSLTIKLRKRKPEKKVEWTSDTVDNEHMGRRSSKCCCIYEKPRAFGESSTESDEEEEEGCGHTHCVRGHRKGRRRATLGPTPTTPPQPPDPSQPPPGPMQH
O75794,MKKEHVLHCQFSAWYPFFRGVTIKSVILPLPQNVKDYLLDDGTLVVSGRDDPPTHSQPDSDDEAEEIQWSDDENTATLTAPEFPEFATKVQEAINSLGGSVFPKLNWSAPRDAYWIAMNSSLKCKTLSDIFLLFKSSDFITRDFTQPFIHCTDDSPDPCIEYELVLRKWCELIPGAEFRCFVKENKLIGISQRDYTQYYD
O75973,MLLVLVVLIPVLVSSGGPEGHYEMLGTCRMVCDPYPARGPGAGARTDGGDALSEQSGAPPPSTLVQGPQGKPGRTGKPGPPGPPGDPGPPGPVGPPGEKGEPGKPGPPGLPGAGGSGAISTATYTTVPRVAFYAGLKNPHEGYEVLKFDDVVTNLGNNYDAASGKFTCNIPGTYFFTYHVLMRGGDGTSMWADLCKNGQV
O94762,MSSHHTTFPFDPERRVRSTLKKVFGFDSFKTPLQESATMAVVKGNKDVFVCMPTGAGKSLCYQLPALLAKGITIVVSPLIALIQDQVDHLLTLKVRVSSLNSKLSAQERKELLADLEREKPQTKILYITPEMAASSSFQPTLNSLVSRHLLSYLVVDEAHCVSQWGHDFRPDYLRLGALRSRLGHAPCVALTATATPQVQ
O95365,MAGGVDGPIGIPFPDHSSDILSGLNEQRTQGLLCDVVILVEGREFPTHRSVLAACSQYFKKLFTSGAVVDQQNVYEIDFVSAEALTALMDFAYTATLTVSTANVGDILSAARLLEIPAVSHVCADLLDRQILAADAGADAGQLDLVDQIDQRNLLRAKEYLEFFQSNPMNSLPPAAAAAAASFPWSAFGASDDDLDATKE
O95944,MAWRALHPLLLLLLLFPGSQAQSKAQVLQSVAGQTLTVRCQYPPTGSLYEKKGWCKEASALVCIRLVTSSKPRTMAWTSRFTIWDDPDAGFFTVTMTDLREEDSGHYWCRIYRPSDNSVSKSVRFYLVVSPASASTQTSWTPRDLVSSQTQTQSCVPPTAGARQAPESPSTIPVPSQPQNSTLRPGPAAPIALVPVFCGL
P01715,MAWIPLFLGVLAYCTGSVASYELTQPPSVSVSPGQTASITCSGDKLGDKYACWYQQKPGQSPVLVIYQDSKRPSGIPERFSGSNSGNTATLTISGTQAMDEADYYCQAWDSSTAH
P01717,MAWIPLLLPLLTLCTGSEASYELTQPPSVSVSPGQTARITCSGDALPKQYAYWYQQKPGQAPVLVIYKDSERPSGIPERFSGSSSGTTVTLTISGVQAEDEADYYCQSADSS
P01718,MAWIPLLLPLLILCTVSVASYELTQPSSVSVSPGQTARITCSGDVLAKKYARWFQQKPGQAPVLVIYKDSERPSGIPERFSGSSSGTTVTLTISGAQVEDEADYYCYSAADNN
P03979,MRWALLVLLAFLSPASQKSSNLEGRTKSVTRQTGSSAEITCDLTVTNTFYIHWYLHQEGKAPQRLLYYDVSTARDVLESGLSPGKYYTHTPRRWSWILRLQNLIENDSGVYYCATWDR
P04035,MLSRLFRMHGLFVASHPWEVIVGTVTLTICMMSMNMFTGNNKICGWNYECPKFEEDVLSSDIIILTITRCIAILYIYFQFQNLRQLGSKYILGIAGLFTIFSSFVFSTVVIHFLDKELTGLNEALPFFLLLIDLSRASTLAKFALSSNSQDEVRENIARGMAILGPTFTLDALVECLVIGVGTMSGVRQLEIMCCFGCMS
P04156,MANLGCWMLVLFVATWSDLGLCKKRPKPGGWNTGGSRYPGQGSPGGNRYPPQGGGGWGQPHGGGWGQPHGGGWGQPHGGGWGQPHGGGWGQGGGTHSQWNKPSKPKTNMKHMAGAAAAGAVVGGLGGYMLGSAMSRPIIHFGSDYEDRYYRENMHRYPNQVYYRPMDEYSNQNNFVHDCVNITIKQHTVTTTTKGENFTE
P04211,MAWTPLFLFLLTCCPGSNSQTVVTQEPSLTVSPGGTVTLTCASSTGAVTSGYYPNWFQQKPGQAPRALIYSTSNKHSWTPARFSGSLLGGKAALTLSGVQPEDEAEYYCLLYYGGAQ
P07737,MAGWNAYIDNLMADGTCQDAAIVGYKDSPSVWAAVPGKTFVNITPAEVGVLVGKDRSSFYVNGLTLGGQKCSVIRDSLLQDGEFSMDLRTKSTGGAPTFNVTVTKTDKTLVLLMGKEGVHGGLINKKCYEMASHLRRSQY
P08579,MDIRPNHTIYINNMNDKIKKEELKRSLYALFSQFGHVVDIVALKTMKMRGQAFVIFKELGSSTNALRQLQGFPFYGKPMRIQYAKTDSDIISKMRGTFADKEKKKEKKKAKTVEQTATTTNKKPGQGTPNSANTQGNSTPNPQVPDYPPNYILFLNNLPEETNEMMLSMLFNQFPGFKEVRLVPGRHDIAFVEFENDGQA
P09923,MQGPWVLLLLGLRLQLSLGVIPAEEENPAFWNRQAAEALDAAKKLQPIQKVAKNLILFLGDGLGVPTVTATRILKGQKNGKLGPETPLAMDRFPYLALSKTYNVDRQVPDSAATATAYLCGVKANFQTIGLSAAARFNQCNTTRGNEVISVMNRAKQAGKSVGVVTTTRVQHASPAGTYAHTVNRNWYSDADMPASARQE
P0CK96,MSSSVKTPALEELVPGSEEKPKGRSPLSWGSLFGHRSEKIVFAKSDGGTDENVLTVTITETTVIESDLGVWSSRALLYLTLWFFFSFCTLFLNKYILSLLGGEPSMLGAVQMLSTTVIGCVKTLVPCCLYQHKARLSYPPNFLMTMLFVGLMRFATVVLGLVSLKNVAVSFAETVKSSAPIFTVIMSRMILGEYTGLLVN
P0CK97,MSSSVKTPALEELVPGSEEKPKGRSPLSWGSLFGHRSEKIVFAKSDGGTDENVLTVTITETTVIESDLGVWSSRALLYLTLWFFFSFCTLFLNKYILSLLGGEPSMLGAVQMLSTTVIGCVKTLVPCCLYQHKARLSYPPNFLMTMLFVGLMRFATVVLGLVSLKNVAVSFAETVKSSAPIFTVIMSRMILGEYTGRPSD
P0DN82,MLNTTSVTEFLLLGVTDIQELQPFLFVVFLTIYFISVAGNGAILMIVISDPRLHSPMYFFLGNLSCLDICYSSVTLPKMLQNFLSAHKAISFLGCISQLHFFHFLGSTEAMLLAVMAFDRFVAICKPLRYTVIMNPQLCTQMAITIWMIGFFHALLHSLMTSRLNFCGSNRIYHFFCDVKPLLKLSNQWLLSTVTGTIAM
P10253,MGVRHPPCSHRLLAVCALVSLATAALLGHILLHDFLLVPRELSGSSPVLEETHPAHQQGASRPGPRDAQAHPGRPRAVPTQCDVPPNSRFDCAPDKAITQEQCEARGCCYIPAKQGLQGAQMGQPWCFFPPSYPSYKLENLSSSEMGYTATLTRTTPTFFPKDILTLRLDVMMETENRLHFTIKDPANRRYEVPLETPHV
P12314,MWFLTTLLLWVPVDGQVDTTKAVITLQPPWVSVFQEETVTLHCEVLHLPGSSSTQWFLNGTATQTSTPSYRITSASVNDSGEYRCQRGLSGRSDPIQLEIHRGWLLLQVSSRVFTEGEPLALRCHAWKDKLVYNVLYYRNGKAFKFFHWNSNLTILKTNISHNGTYHCSGMGKHRYTSAGISVTVKELFPAPVLNASVTS
P13716,MQPQSVLHSGYFHPLLRAWQTATTTLNASNLIYPIFVTDVPDDIQPITSLPGVARYGVKRLEEMLRPLVEEGLRCVLIFGVPSRVPKDERGSAADSEESPAIEAIHLLRKTFPNLLVACDVCLCPYTSHGHCGLLSENGAFRAEESRQRLAEVALAYAKAGCQVVAPSDMMDGRVEAIKEALMAHGLGNRVSVMSYSAKF
P13762,MVCLKLPGGSCMAALTVTLTVLSSPLALAGDTQPRFLEQAKCECHFLNGTERVWNLIRYIYNQEEYARYNSDLGEYQAVTELGRPDAEYWNSQKDLLERRRAEVDTYCRYNYGVVESFTVQRRVQPKVTVYPSKTQPLQHHNLLVCSVNGFYPGSIEVRWFRNGQEEKAGVVSTGLIQNGDWTFQTLVMLETVPRSGEVY
P17676,MQRLVAWDPACLPLPPPPPAFKSMEVANFYYEADCLAAAYGGKAAPAAPPAARPGPRPPAGELGSIGDHERAIDFSPYLEPLGAPQAPAPATATDTFEAAPPAPAPAPASSGQHHDFLSDLFSDDYGGKNCKKPAEYGYVSLGRLGAAKGALHPGCFAPLHPPPPPPPPPAELKAEPGFEPADCKRKEEAGAPGGGAGMA
P18615,MLVIPPGLSEEEEALQKKFNKLKKKKKALLALKKQSSSSTTSQGGVKRSLSEQPVMDTATATEQAKQLVKSGAISAIKAETKNSGFKRSRTLEGKLKDPEKGPVPTFQPFQRSISADDDLQESSRRPQRKSLYESFVSSSDRLRELGPDGEEAEGPGAGDGPPRSFDWGYEERSGAHSSASPPRSRSRDRSHERNRDRDR
P22760,MGRKSLYLLIVGILIAYYIYTPLPDNVEEPWRMMWINAHLKTIQNLATFVELLGLHHFMDSFKVVGSFDEVPPTSDENVTVTETKFNNILVRVYVPKRKSEALRRGLFYIHGGGWCVGSAALSGYDLLSRWTADRLDAVVVSTNYRLAPKYHFPIQFEDVYNALRWFLRKKVLAKYGVNPERIGISGDSAGGNLAAAVTQ
P26651,MDLTAIYESLLSLSPDVPVPSDHGGTESSPGWGSSGPWSLSPSDSSPSGVTSRLPGRSTSLVEGRSCGWVPPPPGFAPLAPRLGPELSPSPTSPTATSTTPSRYKTELCRTFSESGRCRYGAKCQFAHGLGELRQANRHPKYKTELCHKFYLQGRCPYGSRCHFIHNPSEDLAAPGHPPVLRQSISFSGLPSGRRTSPPP
P30532,MAARGSGPRALRLLLLVQLVAGRCGLAGAAGGAQRGLSEPSSIAKHEDSLLKDLFQDYERWVRPVEHLNDKIKIKFGLAISQLVDVDEKNQLMTTNVWLKQEWIDVKLRWNPDDYGGIKVIRVPSDSVWTPDIVLFDNADGRFEGTSTKTVIRYNGTVTWTPPANYKSSCTIDVTFFPFDLQNCSMKFGSWTYDGSQVDI
P32927,MVLAQGLLSMALLALCWERSLAGAEETIPLQTLRCYNDYTSHITCRWADTQDAQRLVNVTLIRRVNEDLLEPVSCDLSDDMPWSACPHPRCVPRRCVIPCQSFVVTDVDYFSFQPDRPLGTRLTVTLTQHVQPPEPRDLQISTDQDHFLLTWSVALGSPQSHWLSPGDLEFEVVYKRLQDSWEDAAILLSNTSQATLGPE
P32929,MQEKDASSQGFLPHFQHFATQAIHVGQDPEQWTSRAVVPPISLSTTFKQGAPGQHSGFEYSRSGNPTRNCLEKAVAALDGAKYCLAFASGLAATVTITHLLKAGDQIICMDDVYGGTNRYFRQVASEFGLKISFVDCSKIKLLEAAITPETKLVWIETPTNPTQKVIDIEGCAHIVHKHGDIILVVDNTFMSPYFQRPLA
P34810,MRLAVLFSGALLGLLAAQGTGNDCPHKKSATLLPSFTVTPTVTESTGTTSHRTTKSHKTTTHRTTTTGTTSHGPTTATHNPTTTSHGNVTVHPTSNSTATSQGPSTATHSPATTSHGNATVHPTSNSTATSPGFTSSAHPEPPPPSPSPSPTSKETIGDYTWTNGSQPCVHLQAQIQIRVMYTTQGGGEAWGISVLNPNK
P37198,MSGFNFGGTGAPTGGFTFGTAKTATTTPATGFSFSTSGTGGFNFGAPFQPATSTPSTGLFSLATQTPATQTTGFTFGTATLASGGTGFSLGIGASKLNLSNTAATPAMANPSGFGLGSSNLTNAISSTVTSSQGTAPTGFVFGPSTTSVAPATTSGGFSFTGGSTAQPSGFNIGSAGNSAQPTAPATLPFTPATPAATTA
P46089,MMWGAGSPLAWLSAGSGNVNVSSVGPAEGPTGPAAPLPSPKAWDVVLCISGTLVSCENALVVAIIVGTPAFRAPMFLLVGSLAVADLLAGLGLVLHFAAVFCIGSAEMSLVLVGVLAMAFTASIGSLLAITVDRYLSLYNALTYYSETTVTRTYVMLALVWGGALGLGLLPVLAWNCLDGLTTCGVVYPLSKNHLVVLAI
P47712,MSFIDPYQHIIVEHQYSHKFTVVVLRATKVTKGAFGDMLDTPDPYVELFISTTPDSRKRTRHFNNDINPVWNETFEFILDPNQENVLEITLMDANYVMDETLGTATFTVSSMKVGEKKEVPFIFNQVTEMVLEMSLEVCSCPDLRFSMALCDQEKTFRQQRKEHIRESMKKLLGPKNSEGLHSARDVPVVAILGSGGGFR
P47775,MNEDLKVNLSGLPRDYLDAAAAENISAAVSSRVPAVEPEPELVVNPWDIVLCTSGTLISCENAIVVLIIFHNPSLRAPMFLLIGSLALADLLAGIGLITNFVFAYLLQSEATKLVTIGLIVASFSASVCSLLAITVDRYLSLYYALTYHSERTVTFTYVMLVMLWGTSICLGLLPVMGWNCLRDESTCSVVRPLTKNNAA
P55039,MGILEKISEIEKEIARTQKNKATEYHLGLLKAKLAKYRAQLLEPSKSASSKGEGFDVMKSGDARVALIGFPSVGKSTFLSLMTSTASEAASYEFTTLTCIPGVIEYKGANIQLLDLPGIIEGAAQGKGRGRQVIAVARTADVIIMMLDATKGEVQRSLLEKELESVGIRLNKHKPNIYFKPKKGGGISFNSTVTLTQCSE
P58557,MSLVIRNLQRVIPIRRAPLRSKIEIVRRILGVQKFDLGIICVDNKNIQHINRIYRDRNVPTDVLSFPFHEHLKAGEFPQPDFPDDYNLGDIFLGVEYIFHQCKENEDYNDVLTVTATHGLCHLLGFTHGTEAEWQQMFQKEKAVLDELGRRTGTRLQPLTRGLFGGS
P59282,MASEAEKTFHRFAAFGESSSSGTEMNNKNFSKLCKDCGIMDGKTVTSTDVDIVFSKVKAKNARTITFQQFKEAVKELGQKRFKGKSPDEVLENIYGLMEGKDPATTGATKATTVGAVDRLTDTSKYTGTHKERFDESGKGKGIAGREEMTDNTGYVSGYKGSGTYDKKTK
P80748,MAWTVLLLGLLSHCTGSVTSYVLTQPPSVSVAPGQTARITCGGNNIGSKSVHWYQQKPGQAPVLVVYDDSDRPSGIPERFSGSNSGNTATLTISRVEAGDEADYYCQVWDSSSDHPT
Q01844,MASTDYSTYSQAAAQQGYSAYTAQPTQGYAQTTQAYGQQSYGTYGQPTDVSYTQAQTTATYGQTAYATSYGQPPTGYTTPTAPQAYSQPVQGYGTGAYDTTTATVTTTQASYAAQSAYGTQPAYPAYGQQPAATAPTRPQDGNKPTETSQPQSSTGGYNQPSLGYGQSNYSYPQVPGSYPMQPVTAPPSYPPTSYSSTQP
Q02505,MQLLGLLGLLWMLKASPWATGTLSTATSISQVPFPRAEAASAVLSNSPHSRDLAGWPLGVPQLASPAPGHRENAPMTLTTSPHDTLISETLLNSPVSSNTSTTPTSKFAFKVETTPPTVLVYSATTECVYPTSFIITISHPTSICVTTTQVAFTSSYTSTPVTQKPVTTVTSTYSMTTTEKGTSAMTSSPSTTTARETPI
Q02985,MLLLINVILTLWVSCANGQVKPCDFPDIKHGGLFHENMRRPYFPVAVGKYYSYYCDEHFETPSGSYWDYIHCTQNGWSPAVPCLRKCYFPYLENGYNQNYGRKFVQGNSTEVACHPGYGLPKAQTTVTCTEKGWSPTPRCIRVRTCSKSDIEIENGFISESSSIYILNKEIQYKCKPGYATADGNSSGSITCLQNGWSAQ
Q04900,MSRLSRSLLWAATCLGVLCVLSADKNTTQHPNVTTLAPISNVTSAPVTSLPLVTTPAPETCEGRNSCVSCFNVSVVNTTCFWIECKDESYCSHNSTVSDCQVGNTTDFCSVSTATPVPTANSTAKPTVQPSPSTTSKTVTTSGTTNNTVTPTSQPVRKSTFDAASFIGGIVLVLGVQAVIFFLYKFCKSKERNYHTL
Q08AI6,MKQAGFPLGILLLFWVSYVTDFSLVLLIKGGALSGTDTYQSLVNKTFGFPGYLLLSVLQFLYPFIAMISYNIIAGDTLSKVFQRIPGVDPENVFIGRHFIIGLSTVTFTLPLSLYRNIAKLGKVSLISTGLTTLILGIVMARAISLGPHIPKTEDAWVFAKPNAIQAVGVMSFAFICHHNSFLVYSSLEEPTVAKWSRLI
Q13084,MPLHKYPVWLWKRLQLREGICSRLPGHYLRSLEEERTPTPVHYRPHGAKFKINPKNGQRERVEDVPIPIYFPPESQRGLWGGEGWILGQIYANNDKLSKRLKKVWKPQLFEREFYSEILDKKFTVTVTMRTLDLIDEAYGLDFYILKTPKEDLCSKFGMDLKRGMLLRLARQDPQLHPEDPERRAAIYDKYKEFAIPEEE
Q13257,MALQLSREQGITLRGSAEIVAEFFSFGINSILYQRGIYPSETFTRVQKYGLTLLVTTDLELIKYLNNVVEQLKDWLYKCSVQKLVVVISNIESGEVLERWQFDIECDKTAKDDSAPREKSQKAIQDEIRSVIRQITATVTFLPLLEVSCSFDLLIYTDKDLVVPEKWEESGPQFITNSEEVRLRSFTTTIHKVNSMVAYK
Q13554,MATTVTCTRFTDEYQLYEDIGKGAFSVVRRCVKLCTGHEYAAKIINTKKLSARDHQKLEREARICRLLKHSNIVRLHDSISEEGFHYLVFDLVTGGELFEDIVAREYYSEADASHCIQQILEAVLHCHQMGVVHRDLKPENLLLASKCKGAAVKLADFGLAIEVQGDQQAWFGFAGTPGYLSPEVLRKEAYGKPVDIWAC
Q13555,MATTATCTRFTDDYQLFEELGKGAFSVVRRCVKKTSTQEYAAKIINTKKLSARDHQKLEREARICRLLKHPNIVRLHDSISEEGFHYLVFDLVTGGELFEDIVAREYYSEADASHCIHQILESVNHIHQHDIVHRDLKPENLLLASKCKGAAVKLADFGLAIEVQGEQQAWFGFAGTPGYLSPEVLRKDPYGKPVDIWAC
Q13564,MAQLGKLLKEQKYDRQLRLWGDHGQEALESAHVCLINATATGTEILKNLVLPGIGSFTIIDGNQVSGEDAGNNFFLQRSSIGKNRAEAAMEFLQELNSDVSGSFVEESPENLLDNDPSFFCRFTVVVATQLPESTSLRLADVLWNSQIPLLICRTYGLVGYMRIIIKEHPVIESHPDNALEDLRLDKPFPELREHFQSYD
Q13651,MLPCLVVLLAALLSLRLGSDAHGTELPSPPSVWFEAEFFHHILHWTPIPNQSESTCYEVALLRYGIESWNSISNCSQTLSYDLTAVTLDLYHSNGYRARVRAVDGSRHSNWTVTNTRFSVDEVTLTVGSVNLEIHNGFILGKIQLPRPKMAPANDTYESIFSHFREYEIAIRKVPGNFTFTHKKVKHENFSLLTSGEVGE
Q14687,MKGMSHEPKSPSLGMLSTATRTTATVNPLTPSPLNGALVPSGSPATSSALSAQAAPSSSFAAALRKLAKQAEEPRGSSLSSESSPVSSPATNHSSPASTPKRVPMGPIIVPPGGHSVPSTPPVVTIAPTKTVNGVWRSESRQDAGSRSSSGGRERLIVEPPLPQEKAGGPAIPSHLLSTPYPFGLSPSSVVQDSRFPPLN
Q16473,MEDKNGAPHGAPHSDSPLGFSHAAPEEDTPAPELAPEAPEPPEEPRLGVLTVTDTTPDSMRLSWSVAQGPFDSFVVQYEDTNGQPQALLVDGDQSKILISGLEPSTPYRFLLYGLHEGKRLGPLSAEGTTGLAPAGQTSEESRPRLSQLSVTDVTTSSLRLNWEAPPGAFDSFLLRFGVPSPSTLEPHPRPLLQRELMVP
Q16563,MAPNIYLVRQRISRLGQRMSGFQINLNPLKEPLGFIKVLEWIASIFAFATCGGFKGQTEIQVNCPPAVTENKTVTATFGYPFRLNEASFQPPPGVNICDVNWKDYVLIGDYSSSAQFYVTFAVFVFLYCIAALLLYVGYTSLYLDSRKLPMIDFVVTLVATFLWLVSTSAWAKALTDIKIATGHNIIDELPPCKKKAVLC
Q16822,MAALYRPGLRLNWHGLSPLGWPSCRSIQTLRVLSGDLGQLPTGIRDFVEHSARLCQPEGIHICDGTEAENTATLTLLEQQGLIRKLPKYNNCWLARTDPKDVARVESKTVIVTPSQRDTVPLPPGGARGQLGNWMSPADFQRAVDERFPGCMQGRTMYVLPFSMGPVGSPLSRIGVQLTDSAYVVASMRIMTRLGTPVLQ
Q1AE95,MARGPGPLGRPRPDTVAMPKRGKRLKFRAHDACSGRVTVADYADSDLAVVRSGRVKKAVANAVRQEVKSLCGLEASQVPAEEALSGAGEPYDIIDSSDEMDAQEENIHERTVSRKKKSKRHKEELDGAGGEEYPMDIWLLLASYIRPEDIVNFSLICKNAWTVTCTAAFWTRLYRRHYTLDASLPLRLRPESMEKLHCLR
Q2TAK8,MADAKYVLCRWEKRLWPAKVLARTATSTKNKRRKEYFLAVQILSLEEKIKVKSTEVEILEKSQIEAIASSLASQNEVPAAPLEELAYRRSLRVALDVLSEGSIWSQESSAGTGRADRSLRGKPMEHVSSPCDSNSSSLPRGDVLGSSRPHRRRPCVQQSLSSSFTCEKDPECKVDHKKGLRKSENPRGPLVLPAGGGAQD
Q2TAL8,MNNSLENTISFEEYIRVKARSVPQHRMKEFLDSLASKGPEALQEFQQTATTTMVYQQGGNCIYTDSTEVAGSLLELACPVTTSVQPQTQQEQQIQVQQPQQVQVQVQVQQSPQQVSAQLSPQLTVHQPTEQPIQVQVQIQGQAPQSAAPSIQTPSLQSPSPSQLQAAQIQVQHVQAAQQIQAAEIPEEHIPHQQIQAQLV
Q4G0U5,MAVVKTPSRGLKNAKEPFNNASPHLLKNLVEEPKKRKEVPNHLLESKVYAKLVNNKVIQARPGIIHFGGYQVEKQHQQILHLVNVSNEDTRVHILPPQTKYFEINYVRKEHHLVPGLSLTVTVTFSPDEWRYYYDCIRVHCKGDDTLLVPIHAYPVMNSLDFPSFINLSNVLLGESKTYVIPLQCSCPVDFEFYITLIQS
Q5T2D2,MAPAFLLLLLLWPQGCVSGPSADSVYTKVRLLEGETLSVQCSYKGYKNRVEGKVWCKIRKKKCEPGFARVWVKGPRYLLQDDAQAKVVNITMVALKLQDSGRYWCMRNTSGILYPLMGFQLDVSPAPQTERNIPFTHLDNILKSGTVTTGQAPTSGPDAPFTTGVMVFTPGLITLPRLLASTRPASKTGYSFTATSTTSQ
Q5U623,MASPDRSKRKILKAKKTMPLSCRKQVEMLNKSRNVEALKTAIGSNVPSGNQSFSPSVITRTTEITKCSPSENGASSLDSNKNSISEKSKVFSQNCIKPVEEIVHSETKLEQVVCSYQKPSRTTESPSRVFTEEAKDSLNTSENDSEHQTNVTRSLFEHEGACSLKSSCCPPSVLSGVVQMPESTVTSTVGDKKTDQMVFH
Q5ZPR3,MLRRRGSPGMGVHVGAALGALWFCLTGALEVQVPEDPVVALVGTDATLCCSFSPEPGFSLAQLNLIWQLTDTKQLVHSFAEGQDQGSAYANRTALFPDLLAQGNASLRLQRVRVADEGSFTCFVSIRDFGSAAVSLQVAAPYSKPSMTLEPNKDLRPGDTVTITCSSYQGYPEAEVFWQDGQGVPLTGNVTTSQMANEQG
Q63HM2,MSPDVPLLNDYKQDFFLKRFPQTVLGGPRFKLGYCAPPYIYVNQIILFLMPWVWGGVGTLLYQLGILKDYYTAALSGGLMLFTAFVIQFTSLYAKNKSTTVERILTTDILAEEDEHEFTSCTGAETVKFLIPGKKYVANTVFHSILAGLACGLGTWYLLPNRITLLYGSTGGTALLFFFGWMTLCIAEYSLIVNTATETA
Q685J3,MPRPGTMALCLLTLVLSLLPPQAAAEQDLSVNRAVWDGGGCISQGDVLNRQCQQLSQHVRTGSAANTATGTTSTNVVEPRMYLSCSTNPEMTSIESSVTSDTPGVSSTRMTPTESRTTSESTSDSTTLFPSSTEDTSSPTTPEGTDVPMSTPSEESISSTMAFVSTAPLPSFEAYTSLTYKVDMSTPLTTSTQASSSPTT
Q69YI7,MAVPAKKRKMNFSEREVEIIVEELELKKHLLVNHFNAGVPLAAKSAAWHGILRRVNAVATCRRELPEVKKKWSDLKTEVRRKVAQVRAAVEGGEAPGPTEEDGAGGPGTGGGSGGGGPAVAPVLLTPMQQRICNLLGEATIISLPSTTEIHPVALGPSATAAAATVTLTQIPTETTYHTLEEGVVEYCTAEAPPPLPPET
Q6JVE9,MPGAAEALPTVTVTLVAGAVPPASGALTAHCIGGFWREVGVASDQSLVLTAPKRVEGLFLTLSGSNLTVKVAYNSSGSCEIEKIVGSEIDSTGKFAFPGHREIHVLDTDYEGYAILRVSLMWRGRNFRVLKYFTRSLEDKDRLGFWKFRELTADTGLYLAARPGRCAELLKEELI
Q6MZM0,MPRKQPAGCIFLLTFLGLSGLVGTVTRTYYIGIVEEYWNYVPQGKNVITGKSFTEDKLATLFLERGPNRIGSIYKKAVYRRFTDGTYSIEIPKPPWLGFLGPILRAEVGDVIVIHLKNFASRPYSLHPHGVFYNKDSEGALYPDGTSGRNKNDDMVPPGKNYTYVWPVREEYAPTPADANCLTWVYHSHIDAPKDICSGL
Q6P093,MGLKALCLGLLCVLFVSHFYTPMPDNIEESWKIMALDAIAKTCTFTAMCFENMRIMRYEEFISMIFRLDYTQPLSDEYITVTDTTFVDIPVRLYLPKRKSETRRRAVIYFHGGGFCFGSSKQRAFDFLNRWTANTLDAVVVGVDYRLAPQHHFPAQFEDGLAAVKFFLLEKILTKYGVDPTRICIAGDSSGGNLATAVTQ
Q6UWI2,MVYKTLFALCILTAGWRVQSLPTSAPLSVSLPTNIVPPTTIWTSSPQNTDADTASPSNGTHNNSVLPVTASAPTSLLPKNISIESREEEITSPGSNWEGTNTDPSPSGFSSTSGGVHLTTTLEEHSSGTPEAGVAATLSQSAAEPPTLISPQAPASSPSSLSTSPPEVFSASVTTNHSSTVTSTQPTGAPTAPESPTEES
Q6UXD5,MGTPRAQHPPPPQLLFLILLSCPWIQGLPLKEEEILPEPGSETPTVASEALAELLHGALLRRGPEMGYLPGSDRDPTLATPPAGQTLAVPSLPRATEPGTGPLTTAVTPNGVRGAGPTAPELLTPPPGTTAPPPPSPASPGPPLGPEGGEEETTTTIITTTTVTTTVTSPVLCNNNISEGEGYVESPDLGSPVSRTLGLL
Q6W5P4,MPANFTEGSFDSSGTGQTLDSSPVACTETVTFTEVVEGKEWGSFYYSFKTEQLITLWVLFVFTIVGNSVVLFSTWRRKKKSRMTFFVTQLAITDSFTGLVNILTDINWRFTGDFTAPDLVCRVVRYLQVVLLYASTYVLVSLSIDRYHAIVYPMKFLQGEKQARVLIVIAWSLSFLFSIPTLIIFGKRTLSNGEVQCWAL
Q6ZNF0,MHPLPGYWSCYCLLLLFSLGVQGSLGAPSAAPEQVHLSYPGEPGSMTVTWTTWVPTRSEVQFGLQPSGPLPLRAQGTFVPFVDGGILRRKLYIHRVTLRKLLPGVQYVYRCGSAQGWSRRFRFRALKNGAHWSPRLAVFGDLGADNPKAVPRLRRDTQQGMYDAVLHVGDFAYNLDQDNARVGDRFMRLIEPVAASLPYM
Q6ZVD8,MKRNGSRNCLNRRSRFGSRERDWLREDVKRGCVYLYGADTTTATTTTTTSSSSSSSSSSSDLHLVLCTVETPASEICAGEGRESLYLQLHGDLVRRLEPTERPLQIVYDYLSRLGFDDPVRIQEEATNPDLGCMIRFYGEKPCHMDRLDRILLSGIYNVRKGKTQLHKWAERLVVLCGTCLIVSSVKDCQTGKMHILPLV
Q7RTY1,MELKKSPDGGWGWVIVFVSFLTQFLCYGSPLAVGVLYIEWLDAFGEGKGKTAWVGSLASGVGLLASPVCSLCVSSFGARPVTIFSGFMVAGGLMLSSFAPNIYFLFFSYGIVVGLGCGLLYTATVTITCQYFDDRRGLALGLISTGSSVGLFIYAALQRMLVEFYGLDGCLLIVGALALNILACGSLMRPLQSSDCPLPK
Q8IXX5,MARGPGPLGRPRPDTVAMPKRGKRLKFRAHDACSGRVTVADYANSDPAVVRSGRVKKAVANAVQQEVKSLCGLEASQVPAEEALSGAGEPCDIIDSSDEMDAQEESIHERTVSRKKKSKRHKEELDGAGGEEYPMDIWLLLASYIRPEDIVNFSLICKNAWTVTCTAAFWTRLYRRHYTLDASLPLRLRPESMEKLRCLR
Q8IY92,MKLSVNEAQLGFYLGSLSHLSACPGIDPRSSEDQPESLKTGQMMDESDEDFKELCASFFQRVKKHGIKEVSGERKTQKAASNGTQIRSKLKRTKQTATKTKTLQGPAEKKPPSGSQAPRTKKQRVTKWQASEPAHSVNGEGGVLASAPDPPVLRETAQNTQTGNQQEPSPNLSREKTRENVPNSDSQPPPSCLTTAVPSP
Q8IYM1,MDPLRRSPSPCLSSQPSSPSTPPCEMLGPVGIEAVLDQLKIKAMKMGFEFNIMVVGQSGLGKSTMVNTLFKSKVWKSNPPGLGVPTPQTLQLHSLTHVIEEKGVKLKLTVTDTPGFGDQINNDNCWDPILGYINEQYEQYLQEEILITRQRHIPDTRVHCCVYFVPPTGHCLRPLDIEFLQRLCRTVNVVPVIARADSLT
Q8IZC7,MDSVAFEDVAVNFTQEEWALLSPSQKNLYRDVTLETFRNLASVGIQWKDQDIENLYQNLGIKLRSLVERLCGRKEGNEHRETFSQIPDCHLNKKSQTGVKPCKCSVCGKVFLRHSFLDRHMRAHAGHKRSECGGEWRETPRKQKQHGKASISPSSGARRTVTPTRKRPYECKVCGKAFNSPNLFQIHQRTHTGKRSYKCR
Q8IZV2,MEEPQRARSHTVTTTASSFAENFSTSSSSFAYDREFLRTLPGFLIVAEIVLGLLVWTLIAGTEYFRVPAFGWVMFVAVFYWVLTVFFLIIYITMTYTRIPQVPWTTVGLCFNGSAFVLYLSAAVVDASSVSPERDSHNFNSWAASSFFAFLVTICYAGNTYFSFIAWRSRTIQ
Q8NDV7,MRELEAKATKDVERNLSRDLVQEEEQLMEEKKKKKDDKKKKEAAQKKATEQKIKVPEQIKPSVSQPQPANSNNGTSTATSTNNNAKRATANNQQPQQQQQQQQPQQQQPQQQPQPQPQQQQPQQQPQALPRYPREVPPRFRHQEHKQLLKRGQHFPVIAANLGSAVKVLNSQSESSALTNQQPQNNGEVQNSKNQSDINH
Q8NF64,MNSMNPMKPALPPAPHGDGSFAYESVPWQQSATQPAGSLSVVTTVWGVGNATQSQVLGNPMGPAGSPSGSSMMPGVAGGSSALTSPQCLGQQAFAEGGANKGYVQQGVYSRGGYPGAPGFTTGYAGGPGGLGLPSHAARPSTDFTQAAAAAAVAAAAATATATATATVAALQEKQSQELSQYGAMGAGQSFNSQFLQHGG
Q8NFU1,MTVTYTARVANARFGGFSQLLLLWRGSIYKLLWRELLCFLGFYMALSAAYRFVLTEGQKRYFEKLVIYCDQYASLIPVSFVLGFYVTLVVNRWWSQYLCMPLPDALMCVVAGTVHGRDDRGRLYRRTLMRYAGLSAVLILRSVSTAVFKRFPTIDHVVEAGFMTREERKKFENLNSSYNKYWVPCVWFSNLAAQARREGR
Q8WXG9,MSVFLGPGMPSASLLVNLLSALLILFVFGETEIRFTGQTEFVVNETSTTVIRLIIERIGEPANVTAIVSLYGEDAGDFFDTYAAAFIPAGETNRTVYIAVCDDDLPEPDETFIFHLTLQKPSANVKLGWPRTVTVTILSNDNAFGIISFNMLPSIAVSEPKGRNESMPLTLIREKGTYGMVMVTFEVEGGPNPPDEDLSP
Q92570,MPCVQAQYSPSPPGSSYAAQTYSSEYTTEIMNPDYTKLTMDLGSTEITATATTSLPSISTFVEGYSSNYELKPSCVYQMQRPLIKVEEGRAPSYHHHHHHHHHHHHHHQQQHQQPSIPPASSPEDEVLPSTSMYFKQSPPSTPTTPAFPPQAGALWDEALPSAPGCIAPGPLLDPPMKAVPTVAGARFPLFHFKPSPPHP
Q92637,MWFLTTLLLWVPVDGQVDTTKAVITLQPPWVSVFQEETVTLHCEVLHLPGSSSTQWFLNGTATQTSTPSYRITSASVNDSGEYRCQRGLSGRSDPIQLEIHRGWLLLQVSSRVFMEGEPLALRCHAWKDKLVYNVLYYRNGKAFKFFHWNSNLTILKTNISHNGTYHCSGMGKHRYTSAGISQYTVKGLQLPTPVWFHVL
Q92820,MASPGCLLCVLGLLLCGAASLELSRPHGDTAKKPIIGILMQKCRNKVMKNYGRYYIAASYVKYLESAGARVVPVRLDLTEKDYEILFKSINGILFPGGSVDLRRSDYAKVAKIFYNLSIQSFDDGDYFPVWGTCLGFEELSLLISGECLLTATDTVDVAMPLNFTGGQLHSRMFQNFPTELLLSLAVEPLTANFHKWSLS
Q92844,MDKNIGEQLNKAYEAFRQACMDRDSAVKELQQKTENYEQRIREQQEQLSLQQTIIDKLKSQLLLVNSTQDNNYGCVPLLEDSETRKNNLTLDQPQDKVISGIAREKLPKVRRQEVSSPRKETSARSLGSPLLHERGNIEKTFWDLKEEFHKICMLAKAQKDHLSKLNIPDTATETQCSVPIQCTDKTDKQEALFKPQAKD
Q969M1,MGNTLGLAPMGTLPRRSPRREEPLPNPGSFDELHRLCKDVFPAQMEGVKLVVNKVLSSHFQVAHTIHMSALGLPGYHLHAAYAGDWQLSPTEVFPTVVGDMDSSGSLNAQVLLLLAERLRAKAVFQTQQAKFLTWQFDGEYRGDDYTATLTLGNPDLIGESVIMVAHFLQSLTHRLVLGGELVYHRRPGEEGAILTLAGK
Q969N2,MAAAMPLALLVLLLLGPGGWCLAEPPRDSLREELVITPLPSGDVAATFQFRTRWDSELQREGVSHYRLFPKALGQLISKYSLRELHLSFTQGFWRTRYWGPPFLQAPSGAELWVWFQDTVTDVDKSWKELSNVLSGIFCASLNFIDSTNTVTPTASFKPLGLANDTDHYFLRYAVLPREVVCTENLTPWKKLLPCSSKAG
Q96A83,MKLALLLPWACCCLCGSALATGFLYPFSAAALQQHGYPEPGAGSPGSGYASRRHWCHHTVTRTVSCQVQNGSETVVQRVYQSCRWPGPCANLVSYRTLIRPTYRVSYRTVTVLEWRCCPGFTGSNCDEECMNCTRLSDMSERLTTLEAKVLLLEAAERPSSPDNDLPAPESTPPTWNEDFLPDAIPLAHPVPRQRRPTGP
Q96AY2,MALKKSSPSLDSGDSDSEELPTFAFLKKEPSSTKRRQPEREEKIVVVDISDCEASCPPAPELFSPPVPEIAETVTQTQPVRLLSSESEDEEEFIPLAQRLTCKFLTHKQLSPEDSSSPVKSVLDHQNNEGASCDWKKPFPKIPEVPLHDTPERSAADNKDLILDPCCQLPAYLSTCPGQSSSLAVTKTNSDILPPQKKTK
Q96H15,MSKEPLILWLMIEFWWLYLTPVTSETVVTEVLGHRVTLPCLYSSWSHNSNSMCWGKDQCPYSGCKEALIRTDGMRVTSRKSAKYRLQGTIPRGDVSLTILNPSESDSGVYCCRIEVPGWFNDVKINVRLNLQRASTTTHRTATTTTRRTTTTSPTTTRQMTTTPAALPTTVVTTPDLTTGTPLQMTTIAVFTTANTCLSL
Q96JM7,MTESASSTSGQEFDVFSVMDWKDGVGTLPGSDLKFRVNEFGALEVITDENEMENVKKATATTTWMVPTAQEAPTSPPSSRPVFPPAYWTSPPGCPTVFSEKTGMPFRLKDPVKVEGLQFCENCCQYGNVDECLSGGNYCSQNCARHIKDKDQKEERDVEEDNEEEDPKCSRKKKPKLSLKADTKEDGEERDDEMENKQDV
Q96JP2,MKEASGVGGGHSPMCPPHCHMPPGPAGEWPGATVQQPRQRAPTALLQPDAAGPGGGGVSAGVAVLGACPSASEGVLPRPPGRSAPQPPEYPGRPDMAVPGWSAMVRSRLTATSTSQATDHTFLQKSHYHHGDHPSYAKPRLPLPVFTVRHYAGTVTYQVHKFLNRNRDQLDPAVVEMLGQSQLQLVGSLFQEAEPQSRGG
Q96KS0,MDSPCQPQPLSQALPQLPGSSSEPLEPEPGRARMGVESYLPCPLLPSYHCPGVPSEASAGSGTPRATATSTTASPLRDGFGGQDGGELRPLQSEGAAALVTKGCQRLAAQGARPEAPKRKWAEDGGDAPSPSKRPWARQENQEAEREGGMSCSCSSGSGEASAGLMEEALPSAPERLALDYIVPCMRYYGICVKDSFLGA
Q96NB2,MEADLSGFNIDAPRWDQRTFLGRVKHFLNITDPRTVFVSERELDWAKVMVEKSRMGVVPPGTQVEQLLYAKKLYDSAFHPDTGEKMNVIGRMSFQLPGGMIITGFMLQFYRTMPAVIFWQWVNQSFNALVNYTNRNAASPTSVRQMALSYFTATTTAVATAVGMNMLTKKAPPLVGRWVPFAAVAAANCVNIPMMRQQEL
Q96Q11,MLRCLYHWHRPVLNRRWSRLCLPKQYLFTMKLQSPEFQSLFTEGLKSLTELFVKENHELRIAGGAVRDLLNGVKPQDIDFATTATPTQMKEMFQSAGIRMINNRGEKHGTITARLHEENFEITTLRIDVTTDGRHAEVEFTTDWQKDAERRDLTINSMFLGFDGTLFDYFNGYEDLKNKKVRFVGHAKQRIQEDYLRILR
Q96S97,MPVTVTRTTITTTTTSSSGLGSPMIVGSPRALTQPLGLLRLLQLVSTCVAFSLVASVGAWTGSMGNWSMFTWCFCFSVTLIILIVELCGLQARFPLSWRNFPITFACYAALFCLSASIIYPTTYVQFLSHGRSRDHAIAATFFSCIACVAYATEVAWTRARPGEITGYMATVPGLLKVLETFVACIIFAFISDPNLYQHQ
Q99758,MAVLRQLALLLWKNYTLQKRKVLVTVLELFLPLLFSGILIWLRLKIQSENVPNATIYPGQSIQELPLFFTFPPPGDTWELAYIPSHSDAAKTVTETVRRALVINMRVRGFPSEKDFEDYIRYDNCSSSVLAAVVFEHPFNHSKEPLPLAVKYHLRFSYTRRNYMWTQTGSFFLKETEGWHTTSLFPLFPNPGPREPTSPD
Q99933,MAQRGGARRPRGDRERLGSRLRALRPGREPRQSEPPAQRGPPPSGRPPARSTASGHDRPTRGAAAGARRPRMKKKTRRRSTRSEELTRSEELTLSEEATWSEEATQSEEATQGEEMNRSQEVTRDEESTRSEEVTREEMAAAGLTVTVTHSNEKHDLHVTSQQGSSEPVVQDLAQVVEEVIGVPQSFQKLIFKGKSLKEM
Q99935,MKLTFFLGLLALISCFTPSESQRFSRRPYLPGQLPPPPLYRPRWVPPSPPPPYDSRLNSPLSLPFVPGRVPPSSFSRFSQAVILSQLFPLESIRQPRLFPGYPNLHFPLRPYYVGPIRILKPPFPPIPFFLAIYLPISNPEPQINITTADTTITTNPPTTATATTSTSTKPTMTISSSTVPISSTPEPATSISAATPAAS
Q9BVL2,MSTGFSFGSGTLGSTTVAAGGTSTGGVFSFGTGASSNPSVGLNFGNLGSTSTPATTSAPSSGFGTGLFGSKPATGFTLGGTNTGIATTITTGLTLGTPATTSAATTGFSLGFNKPAASATPFALPITSTSASGLTLSSALTSTPAASTGFTLNNLGGTTATTTTASTGLSLGGALAGLGGSLFQSTNTGTSGLGQNALGL
Q9BYW3,MKSLLFTLAVFMLLAQLVSGNWYVKKCLNDVGICKKKCKPEEMHVKNGWAMCGKQRDCCVPADRRANYPVFCVQTKTTRISTVTATTATTTLMMTTASMSSMAPTPVSPTG
Q9H195,MQLLGLLSILWMLKSSPGATGTLSTATSTSHVTFPRAEATRTALSNSPHSRYLAEWPQGVPQLASPAPGHRENAPMTLTTSPHDTLISETLLSSLVSSNTSTTPTSKFAFKVETTPPTVLVYSATTECVYPTSFIITISHSTSICVTTTQVTFTSSYTPTPVTQKPVTTVTRTYPMTTTEKGTSAMISSPSTTTARETPI
Q9H1M0,MQFTSISNSLTSTAAIGLSFTTSTTTTATFTTNTTTTITSGFTVNQNQLLSRGFENLVPYTSTVSVVATPVMTYGHLEGLINEWNLELEDQEKYFLLQATQVNAWDHTLIENGEMIRILHGEVNKVKLDQKRLEQELDFILSQQQELEFLLTYLEESTRDQSGLHYLQDADEEHVEISTRSAEF
Q9H1M3,MKLLFPIFASLMLQYQVNTEFIGLRRCLMGLGRCRDHCNVDEKEIQKCKMKKCCVGPKVVKLIKNYLQYGTPNVLNEDVQEMLKPAKNSSAVIQRKHILSVLPQIKSTSFFANTNFVIIPNATPMNSATISTMTPGQITYTATSTKSNTKESRDSATASPPPAPPPPNILPTPSLELEEAEEQ
Q9H2F9,MTTVTVTTEIPPRDKMEDNSALYESTSAHIIEETEYVKKIRTTLQKIRTQMFKDEIRHDSTNHKLDAKHCGNLQQGSDSEMDPSCCSLDLLMKKIKGKDLQLLEMNKENEVLKIKLQASREAGAAALRNVAQRLFENYQTQSEEVRKKQEDSKQLLQVNKLEKEQKLKQHVENLNQVAEKLEEKHSQITELENLVQRMEK
Q9H3T3,MQTPRASPPRPALLLLLLLLGGAHGLFPEEPPPLSVAPRDYLNHYPVFVGSGPGRLTPAEGADDLNIQRVLRVNRTLFIGDRDNLYRVELEPPTSTELRYQRKLTWRSNPSDINVCRMKGKQEGECRNFVKVLLLRDESTLFVCGSNAFNPVCANYSIDTLQPVGDNISGMARCPYDPKHANVALFSDGMLFTATVTDFL
Q9H4A3,MSGGAAEKQSSTPGSLFLSPPAPAPKNGSSSDSSVGEKLGAAAADAVTGRTEEYRRRRHTMDKDSRGAAATTTTTEHRFFRRSVICDSNATALELPGLPLSLPQPSIPAAVPQSAPPEPHREETVTATATSQVAQQPPAAAAPGEQAVAGPAPSTVPSSTSKDRPVSQPSLVGSKEEPPPARSGSGGGSAKEPQEERSQQ
Q9H4Q3,MHGAARAPATSVSADCCIPAGLRLGPVPGTFKLGKYLSDRREPGPKKKVRMVRGELVDESGGSPLEWIGLIRAARNSQEQTLEAIADLPGGQIFYRALRDVQPGEELTVWYSNSLAQWFDIPTTATPTHDEKGEERYICWYCWRTFRYPNSLKAHLRFHCVFSGGGGGAFLHHEHAARQGAVPAADGLGLSPKPPAPDFA
Q9HAT2,MVAPGLVLGLVLPLILWADRSAGIGFRFASYINNDMVLQKEPAGAVIWGFGTPGATVTVTLRQGQETIMKKVTSVKAHSDTWMVVLDPMKPGGPFEVMAQQTLEKINFTLRVHDVLFGDVWLCSGQSNMQMTVLQIFNATRELSNTAAYQSVRILSVSPIQAEQELEDLVAVDLQWSKPTSENLGHGYFKYMSAVCWLFG
Q9HC24,MADPDPRYPRSSIEDDFNYGSSVASATVHIRMAFLRKVYSILSLQVLLTTVTSTVFLYFESVRTFVHESPALILLFALGSLGLIFALILNRHKYPLNLYLLFGFTLLEALTVAVVVTFYDVYIILQAFILTTTVFFGLTVYTLQSKKDFSKFGAGLFALLWILCLSGFLKFFFYSEIMELVLAAAGALLFCGFIIYDTHS
Q9NP92,MAAARCWRPLLRGPRLSLHTAANAAATATETTCQDVAATPVARYPPIVASMTADSKAARLRRIERWQATVHAAESVDEKLRILTKMQFMKYMVYPQTFALNADRWYQYFTKTVFLSGLPPPPAEPEPEPEPEPEPALDLAALRAVACDCLLQEHFYLRRRRRVHRYEESEVISLPFLDQLVSTLVGLLSPHNPALAAAAL
Q9NQT6,MDETEWIHRHPKAEDLRVGLISWAGTYLTFEACKNTVTATAKSLGRRQTWEILVSNEHETQAVVRLKSVQGLYLLCECDGTVCYGRPRTSHHGCFLLRFHRNSKWTLQCLISGRYLESNGKDVFCTSHVLSAYHMWTPRPALHVHVILYSPIHRCYARADPTMGRIWVDAAVPCLEECGFLLHFRDGCYHLETSTHHFLS
Q9NR71,MAKRTFSNLETFLIFLLVMMSAITVALLSLLFITSGTIENHKDLGGHFFSTTQSPPATQGSTAAQRSTATQHSTATQSSTATQTSPVPLTPESPLFQNFSGYHIGVGRADCTGQVADINLMGYGKSGQNAQGILTRLYSRAFIMAEPDGSNRTVFVSIDIGMVSQRLRLEVLNRLQSKYGSLYRRDNVILSGTHTHSGPA
Q9NVH1,MATALSEEELDNEDYYSLLNVRREASSEELKAAYRRLCMLYHPDKHRDPELKSQAERLFNLVHQAYEVLSDPQTRAIYDIYGKRGLEMEGWEVVERRRTPAEIREEFERLQREREERRLQQRTNPKGTISVGVDATDLFDRYDEEYEDVSGSSFPQIEINKMHISQSIEAPLTATDTAILSGSLSTQNGNGGGSINFALR
Q9NVM1,MDAPRRDMELLSNSLAAYAHIRANPESFGLYFVLGVCFGLLLTLCLLVISISWAPRPRPRGPAQRRDPRSSTLEPEDDDEDEEDTVTRLGPDDTLPGPELSAEPDGPLNVNVFTSAEELERAQRLEERERILREIWRTGQPDLLGTGTLGPSPTATGTLGRMHYY
Q9NWB1,MNCEREQLRGNQEAAAAPDTMAQPYASAQFAPPQNGIPAEYTAPHPHPAPEYTGQTTVPEHTLNLYPPAQTHSEQSPADTSAQTVSGTATQTDDAAPTDGQPQTQPSENTENKSQPKRLHVSNIPFRFRDPDLRQMFGQFGKILDVEIIFNERGSKGFGFVTFENSADADRAREKLHGTVVEGRKIEVNNATARVMTNKK
Q9P107,MDAAEPGLPPGPEGRKRYSDIFRSLDNLEISLGNVTLEMLAGDPLLSEDPEPDKTPTATVTNEASCWSGPSPEGPVPLTGEELDLRLIRTKGGVDAALEYAKTWSRYAKELLAWTEKRASYELEFAKSTMKIAEAGKVSIQQQSHMPLQYIYTLFLEHDLSLGTLAMETVAQQKRDYYQPLAAKRTEIEKWRKEFKEQWM
Q9P2N6,MAHRGGERDFQTSARRMGTSLLFQLSVHERELDLVFLDHSYAKPWSAHPDASSARPTRMLFVTPRRQHESTIESDVPIDVETVTSTPMPLYDNQKARSVMNECERHVIFARTDADAPPPPEDWEEHVNRTGWTMAQNKLFNKILKALQSDRLARLANEGACNEPVLRRVAVDKCARRVRQALASVSWDTKLIQWLHTTLV
Q9UGY1,MGRNKKKKRDGDDRRPRLVLSFDEEKRREYLTGFHKRKVERKKAAIEEIKQRLKEEQRKLREERHQEYLKMLAEREEALEEADELDRLVTAKTESVQYDHPNHTVTVTTISDLDLSGARLLGLTPPEGGAGDRSEEEASSTEKPTKALPRKSRDPLLSQRISSLTASLHAHSRKKVKRKHPRRAQDSKKPPRAPRTSKAQ
Q9UHI7,MRAQEDLEGRTQHETTRDPSTPLPTEPKFDMLYKIEDVPPWYLCILLGFQHYLTCFSGTIAVPFLLAEALCVGHDQHMVSQLIGTIFTCVGITTLIQTTVGIRLPLFQASAFAFLVPAKAILALERWKCPPEEEIYGNWSLPLNTSHIWHPRIREVQGAIMVSSVVEVVIGLLGLPGALLNYIGPLTVTPTVSLIGLSVF
Q9UI36,MAVPAALIPPTQLVPPQPPISTSASSSGTTTSTSSATSSPAPSIGPPASSGPTLFRPEPIASAAAAAATVTSTGGGGGGGGSGGGGGSSGNGGGGGGGGGGSNCNPNLAAASNGSGGGGGGISAGGGVASSTPINASTGSSSSSSSSSSSSSSSSSSSSSSSSCGPLPGKPVYSTPSPVENTPQNNECKMVDLRGAKVAS
Q9UQK1,MSCTRMIQVLDPRPLTSSVMPVDVAMRLCLAHSPPVKSFLGPYDEFQRRHFVNKLKPLKSCLNIKHKAKSQNDWKCSHNQAKKRVVFADSKGLSLTAIHVFSDLPEEPAWDLQFDLLDLNDISSALKHHEEKNLILDFPQPSTDYLSFRSHFQKNFVCLENCSLQERTVTGTVKVKNVSFEKKVQIRITFDSWKNYTDVD
Q9Y230,MATVTATTKVPEIRDVTRIERIGAHSHIRGLGLDDALEPRQASQGMVGQLAARRAAGVVLEMIREGKIAGRAVLIAGQPGTGKTAIAMGMAQALGPDTPFTAIAGSEIFSLEMSKTEALTQAFRRSIGVRIKEETEIIEGEVVEIQIDRPATGTGSKVGKLTLKTTEMETIYDLGTKMIESLTKDKVQAGDVITIDKATG
Q9Y5Y7,MARCFSLVLLLTSIWTTRLLVQGSLRAEELSIQVSCRIMGITLVSKKANQQLNFTEAKEACRLLGLSLAGKDQVETALKASFETCSYGWVGDGFVVISRISPNPKCGKNGVGVLIWKVPVSRQFAAYCYNSSDTWTNSCIPEIITTKDPIFNTQTATQTTEFIVSDSTYSVASPYSTIPAPTTTPPAPASTSIPRRKKLI
X5D2U9,MVCLKLPGGSCMAALTVTLTVLSSPLALAGDTQPRFLEQAKCECHFLNGTERVWNLIRYIYNQEEYARYNSDLGEYQAVTELGRPDAEYWNSQKDLLERRRAEVDTYCRYNYGVVESFTVQRRVQPKVTVYPSKTQPLQHHNLLVCSVNGFYPGSIEVRWFRNGQEEKAGVVSTGLIQNGDWTFQTLVMLETVPRSGEVY
